fma_track_id,licence
173,Attribution-NonCommercial-ShareAlike 3.0 International
189,Attribution-NonCommercial-ShareAlike 3.0 International
462,Attribution-NonCommercial-ShareAlike 3.0 International
472,Attribution-NonCommercial-ShareAlike 3.0 International
479,Attribution-NonCommercial-ShareAlike 3.0 International
492,Attribution-NonCommercial-ShareAlike 3.0 International
509,Attribution-NonCommercial-ShareAlike 3.0 International
511,Attribution-NonCommercial-ShareAlike 3.0 International
513,Attribution-NonCommercial-ShareAlike 3.0 International
521,Attribution-NonCommercial-ShareAlike 3.0 International
526,Attribution-NonCommercial-ShareAlike 3.0 International
549,Attribution-Noncommercial-Share Alike 3.0 United States
563,Attribution-NonCommercial-ShareAlike 3.0 International
569,Attribution-NonCommercial-ShareAlike 3.0 International
591,Attribution-NonCommercial-ShareAlike 3.0 International
605,Attribution-NonCommercial-ShareAlike 3.0 International
607,Attribution-NonCommercial-ShareAlike 3.0 International
633,Attribution-NonCommercial-ShareAlike 3.0 International
648,Attribution-NonCommercial-ShareAlike 3.0 International
649,Attribution-NonCommercial-ShareAlike 3.0 International
654,Attribution-NonCommercial-ShareAlike 3.0 International
669,Attribution-NonCommercial-ShareAlike 3.0 International
675,Attribution-NonCommercial-ShareAlike 3.0 International
683,Attribution-NonCommercial-ShareAlike 3.0 International
698,Attribution-NonCommercial-ShareAlike 3.0 International
711,Attribution-NonCommercial-ShareAlike 3.0 International
713,Attribution-NonCommercial-ShareAlike 3.0 International
770,Attribution-NonCommercial-ShareAlike 3.0 International
796,Attribution-NonCommercial-ShareAlike 3.0 International
804,Attribution-NonCommercial-ShareAlike 3.0 International
822,Attribution-NonCommercial-ShareAlike 3.0 International
835,Attribution-NonCommercial-ShareAlike 3.0 International
838,Attribution-NonCommercial-ShareAlike 3.0 International
855,Attribution-NonCommercial-ShareAlike 3.0 International
912,Attribution-NonCommercial-ShareAlike 3.0 International
938,Attribution-NonCommercial-ShareAlike 3.0 International
946,Attribution-NonCommercial-ShareAlike 3.0 International
954,Attribution-NonCommercial-ShareAlike 3.0 International
972,Attribution-NonCommercial-ShareAlike 3.0 International
1042,Attribution-Noncommercial-Share Alike 3.0 United States
1087,Attribution-NonCommercial-ShareAlike 3.0 International
1130,Attribution-Noncommercial-Share Alike 3.0 United States
1152,Attribution-Noncommercial-Share Alike 3.0 United States
1153,Attribution-Noncommercial-Share Alike 3.0 United States
1159,Attribution-Noncommercial-Share Alike 3.0 United States
1166,Attribution-Noncommercial-Share Alike 3.0 United States
1172,Attribution-Noncommercial-Share Alike 3.0 United States
1177,Attribution-Noncommercial-Share Alike 3.0 United States
1183,Attribution-Noncommercial-Share Alike 3.0 United States
1184,Attribution-Noncommercial-Share Alike 3.0 United States
1186,Attribution-Noncommercial-Share Alike 3.0 United States
1190,Attribution-Noncommercial-Share Alike 3.0 United States
1381,Attribution-Noncommercial-Share Alike 3.0 United States
1414,Attribution-Noncommercial-Share Alike 3.0 United States
1593,Attribution-Noncommercial-Share Alike 3.0 United States
1597,Attribution-Noncommercial-Share Alike 3.0 United States
1601,Attribution-Noncommercial-Share Alike 3.0 United States
1613,Attribution-Noncommercial-Share Alike 3.0 United States
1690,Attribution-Noncommercial-Share Alike 3.0 United States
1747,Attribution-NonCommercial-ShareAlike 3.0 International
1750,Attribution-NonCommercial-ShareAlike 3.0 International
1791,Attribution-NonCommercial-ShareAlike 3.0 International
1795,Attribution-NonCommercial-ShareAlike 3.0 International
1814,Attribution-NonCommercial-ShareAlike 3.0 International
1844,Attribution-Noncommercial-Share Alike 3.0 United States
1892,Attribution-NonCommercial-ShareAlike 3.0 International
1919,Attribution-Noncommercial-Share Alike 3.0 United States
1922,Attribution-Noncommercial-Share Alike 3.0 United States
1957,Attribution-Noncommercial-Share Alike 3.0 United States
1958,Attribution-Noncommercial-Share Alike 3.0 United States
1966,Attribution-Noncommercial-Share Alike 3.0 United States
3352,
3353,
3355,
3357,Attribution-Noncommercial-Share Alike 3.0 United States
3361,Attribution-Noncommercial-Share Alike 3.0 United States
3407,Attribution-NonCommercial-ShareAlike 3.0 International
3459,Attribution-NonCommercial-ShareAlike 3.0 International
3471,Attribution-Noncommercial-Share Alike 3.0 United States
3482,Attribution
3484,Attribution
3493,Attribution-Noncommercial-Share Alike 3.0 United States
3499,Attribution-Noncommercial-Share Alike 3.0 United States
3536,Attribution-Noncommercial-Share Alike 3.0 United States
3546,Attribution-Noncommercial-Share Alike 3.0 United States
3583,Attribution-Noncommercial-Share Alike 3.0 United States
3584,Attribution-Noncommercial-Share Alike 3.0 United States
3598,Attribution-Noncommercial-Share Alike 3.0 United States
3605,Attribution-Noncommercial-Share Alike 3.0 United States
3609,Attribution-Noncommercial-Share Alike 3.0 United States
3612,Attribution-NonCommercial-ShareAlike 3.0 International
3614,Attribution-NonCommercial-ShareAlike 3.0 International
3617,Attribution-NonCommercial-ShareAlike 3.0 International
3620,Attribution-NonCommercial-ShareAlike 3.0 International
3634,
3653,Attribution-Noncommercial-Share Alike 3.0 United States
3655,Attribution-Noncommercial-Share Alike 3.0 United States
3688,Attribution-Noncommercial-Share Alike 3.0 United States
3689,Attribution-NonCommercial-ShareAlike 3.0 International
3697,Attribution-NonCommercial-ShareAlike 3.0 International
3703,Attribution-Noncommercial-Share Alike 3.0 United States
3758,Attribution-Noncommercial-Share Alike 3.0 United States
3772,Attribution-NonCommercial-ShareAlike 3.0 International
3797,Attribution-NonCommercial-ShareAlike 3.0 International
3804,Attribution-Noncommercial-Share Alike 3.0 United States
3821,Attribution-Noncommercial-Share Alike 3.0 United States
3852,Attribution
3861,Attribution
3867,Attribution-NonCommercial-ShareAlike 3.0 International
3868,Attribution-Noncommercial-Share Alike 3.0 United States
3871,Attribution-Noncommercial-Share Alike 3.0 United States
3880,Attribution
3882,Attribution-NonCommercial-ShareAlike 3.0 International
3913,Attribution-NonCommercial-ShareAlike 3.0 International
3918,Attribution-NonCommercial-ShareAlike 3.0 International
3939,Attribution
3943,Attribution
3954,Attribution
3962,Attribution
3972,Attribution
3982,Attribution
3983,Attribution
4002,Attribution
4022,Attribution-NonCommercial-ShareAlike 3.0 International
4024,Attribution-NonCommercial-ShareAlike 3.0 International
4037,Attribution
4041,Attribution-NonCommercial-ShareAlike 3.0 International
4113,Attribution-NonCommercial-ShareAlike 3.0 International
4158,Attribution-NonCommercial-ShareAlike 3.0 International
4165,Attribution-NonCommercial-ShareAlike 3.0 International
4169,Attribution-NonCommercial-ShareAlike 3.0 International
4173,Attribution-NonCommercial-ShareAlike 3.0 International
4175,Attribution-NonCommercial-ShareAlike 3.0 International
4178,Attribution-NonCommercial-ShareAlike 3.0 International
4179,Attribution-NonCommercial-ShareAlike 3.0 International
4181,Attribution-NonCommercial-ShareAlike 3.0 International
4183,Attribution-NonCommercial-ShareAlike 3.0 International
4186,Attribution-NonCommercial-ShareAlike 3.0 International
4212,Attribution-NonCommercial-ShareAlike 3.0 International
4213,Attribution-NonCommercial-ShareAlike 3.0 International
4215,Attribution-NonCommercial-ShareAlike 3.0 International
4219,Attribution-NonCommercial-ShareAlike 3.0 International
4224,Attribution-NonCommercial-ShareAlike 3.0 International
4268,Attribution-NonCommercial-ShareAlike 3.0 International
4271,Attribution-NonCommercial-ShareAlike 3.0 International
4298,Attribution-NonCommercial-ShareAlike 3.0 International
4301,Attribution-NonCommercial-ShareAlike 3.0 International
4305,Attribution-NonCommercial-ShareAlike 3.0 International
4306,Attribution-NonCommercial-ShareAlike 3.0 International
4311,Attribution-NonCommercial-ShareAlike 3.0 International
4331,Attribution-NonCommercial-ShareAlike 3.0 International
4334,Attribution-NonCommercial-ShareAlike 3.0 International
4346,Attribution-NonCommercial-ShareAlike 3.0 International
4378,Attribution
4391,Attribution-NonCommercial-ShareAlike 3.0 International
4402,Attribution-NonCommercial-ShareAlike 3.0 International
4406,Attribution-NonCommercial-ShareAlike 3.0 International
4413,Attribution-NonCommercial-ShareAlike 3.0 International
4414,Attribution-NonCommercial-ShareAlike 3.0 International
4417,Attribution-NonCommercial-ShareAlike 3.0 International
4419,Attribution-NonCommercial-ShareAlike 3.0 International
4426,Attribution-NonCommercial-ShareAlike 3.0 International
4429,Attribution-NonCommercial-ShareAlike 3.0 International
4466,Attribution-Noncommercial-Share Alike 3.0 United States
4490,Attribution-NonCommercial-ShareAlike 3.0 International
4723,
4745,Attribution-NonCommercial-ShareAlike 3.0 International
4768,Attribution-NonCommercial-ShareAlike 3.0 International
4780,Attribution-NonCommercial-ShareAlike 3.0 International
4781,Attribution-NonCommercial-ShareAlike 3.0 International
4786,Attribution-NonCommercial-ShareAlike 3.0 International
4787,Attribution-NonCommercial-ShareAlike 3.0 International
4788,Attribution-NonCommercial-ShareAlike 3.0 International
4796,Attribution-NonCommercial-ShareAlike 3.0 International
4830,Attribution-Noncommercial-Share Alike 3.0 United States
4831,Attribution-Noncommercial-Share Alike 3.0 United States
4999,Attribution-Noncommercial-Share Alike 3.0 United States
5016,Attribution-Noncommercial 3.0 United States
5050,Attribution-Noncommercial-Share Alike 3.0 United States
5065,Attribution-Noncommercial-Share Alike 3.0 United States
5091,Attribution-Noncommercial-Share Alike 3.0 United States
5130,Attribution-Noncommercial-Share Alike 3.0 United States
5152,Attribution
5176,Attribution-Noncommercial-Share Alike 3.0 United States
5189,Attribution-Noncommercial-Share Alike 3.0 United States
5193,Attribution-Noncommercial-Share Alike 3.0 United States
5239,Attribution-Noncommercial-Share Alike 3.0 United States
5274,Attribution-NonCommercial-ShareAlike 3.0 International
5289,Attribution
5474,Attribution-NonCommercial 3.0 International
5566,Attribution-NonCommercial 3.0 International
5573,Attribution-NonCommercial 3.0 International
5866,Attribution-Noncommercial-Share Alike 3.0 United States
5986,Attribution-Noncommercial-Share Alike 3.0 United States
5988,Attribution-Noncommercial-Share Alike 3.0 United States
6405,Attribution-Noncommercial-Share Alike 3.0 United States
6460,Attribution-Noncommercial-Share Alike 3.0 United States
6464,Attribution-Noncommercial-Share Alike 3.0 United States
6528,Attribution-Noncommercial-Share Alike 3.0 United States
6529,Attribution-Noncommercial-Share Alike 3.0 United States
6536,Attribution-Noncommercial-Share Alike 3.0 United States
6565,Attribution-Noncommercial-Share Alike 3.0 United States
6574,Attribution-Noncommercial-Share Alike 3.0 United States
6595,Attribution-Noncommercial-Share Alike 3.0 United States
6599,Attribution-Noncommercial-Share Alike 3.0 United States
6604,Attribution-Noncommercial-Share Alike 3.0 United States
6840,Attribution-Noncommercial-Share Alike 3.0 United States
6854,Attribution
7069,Attribution-Noncommercial-Share Alike 3.0 United States
7495,Attribution-Noncommercial-Share Alike 3.0 United States
7499,Attribution-Noncommercial-Share Alike 3.0 United States
7526,Attribution-NonCommercial
7827,Attribution-Noncommercial-Share Alike 3.0 United States
7828,Attribution-Noncommercial-Share Alike 3.0 United States
7829,Attribution-Noncommercial-Share Alike 3.0 United States
7843,Attribution-Noncommercial-Share Alike 3.0 United States
7851,Attribution-Noncommercial-Share Alike 3.0 United States
7852,Attribution-Noncommercial-Share Alike 3.0 United States
7892,Attribution-Noncommercial-Share Alike 3.0 United States
7895,Attribution-Noncommercial-Share Alike 3.0 United States
7901,Attribution-Noncommercial-Share Alike 3.0 United States
7932,Attribution-NonCommercial 3.0 International
7934,Attribution-NonCommercial 3.0 International
7938,Attribution-NonCommercial 3.0 International
7950,Attribution-NonCommercial 3.0 International
8081,Attribution-Noncommercial-Share Alike 3.0 United States
8179,Attribution-Noncommercial-Share Alike 3.0 United States
8187,Attribution-Noncommercial-Share Alike 3.0 United States
8193,Attribution-Noncommercial-Share Alike 3.0 United States
8204,Attribution-Noncommercial-Share Alike 3.0 United States
8451,Attribution-Noncommercial-Share Alike 3.0 United States
8492,Attribution-Noncommercial-Share Alike 3.0 United States
8494,Attribution-Noncommercial-Share Alike 3.0 United States
8579,Attribution-Noncommercial-Share Alike 3.0 United States
8634,Attribution 3.0 United States
8647,Attribution 3.0 United States
8688,Attribution 3.0 United States
8923,Attribution-Noncommercial-Share Alike 3.0 United States
8924,Attribution-Noncommercial-Share Alike 3.0 United States
8944,Attribution-Noncommercial-Share Alike 3.0 United States
8985,Attribution-Noncommercial-Share Alike 3.0 United States
8992,Attribution-Noncommercial-Share Alike 3.0 United States
9486,Attribution-Noncommercial-Share Alike 3.0 United States
9510,Attribution-Noncommercial-Share Alike 3.0 United States
9511,Attribution-Noncommercial-Share Alike 3.0 United States
9520,Attribution-Noncommercial-Share Alike 3.0 United States
9536,Attribution-Noncommercial-Share Alike 3.0 United States
9557,Attribution-Noncommercial-Share Alike 3.0 United States
9656,Attribution-Noncommercial-Share Alike 3.0 United States
9666,Attribution-Noncommercial-Share Alike 3.0 United States
9793,Attribution-Noncommercial 3.0 United States
9806,Attribution-Noncommercial-Share Alike 3.0 United States
9807,Attribution-Noncommercial-Share Alike 3.0 United States
9809,Attribution-Noncommercial-Share Alike 3.0 United States
9853,Attribution-Noncommercial-Share Alike 3.0 United States
9857,Attribution-Noncommercial-Share Alike 3.0 United States
9928,Attribution-Noncommercial-Share Alike 3.0 United States
9933,Attribution-Noncommercial-Share Alike 3.0 United States
9965,Attribution-Noncommercial-Share Alike 3.0 United States
9969,Attribution-Noncommercial-Share Alike 3.0 United States
9975,Attribution-Noncommercial-Share Alike 3.0 United States
9976,Attribution-Noncommercial-Share Alike 3.0 United States
9988,Attribution-Noncommercial-Share Alike 3.0 United States
9993,Attribution-Noncommercial-Share Alike 3.0 United States
10184,Attribution-NonCommercial-ShareAlike 3.0 International
10213,Attribution-NonCommercial-ShareAlike 3.0 International
10383,Attribution-Noncommercial-Share Alike 3.0 United States
10388,Attribution-Noncommercial-Share Alike 3.0 United States
10441,Attribution-Noncommercial-Share Alike 3.0 United States
10494,Attribution-Noncommercial-Share Alike 3.0 United States
10495,Attribution-Noncommercial-Share Alike 3.0 United States
10580,Attribution-Noncommercial-Share Alike 3.0 United States
10602,Attribution-Noncommercial-Share Alike 3.0 United States
10677,Attribution-Noncommercial-Share Alike 3.0 United States
10730,Attribution-Noncommercial-Share Alike 3.0 United States
10842,Attribution-Noncommercial-Share Alike 3.0 United States
10970,Attribution-Noncommercial-Share Alike 3.0 United States
10971,Attribution-Noncommercial-Share Alike 3.0 United States
11077,Attribution-Noncommercial-Share Alike 3.0 United States
11089,Attribution-Noncommercial-Share Alike 3.0 United States
11100,Attribution-Noncommercial-Share Alike 3.0 United States
11104,Attribution-Noncommercial-Share Alike 3.0 United States
11199,Attribution-NonCommercial-ShareAlike 3.0 International
11270,Sampling Plus
11303,Attribution-Noncommercial-Share Alike 3.0 United States
11411,Attribution-Noncommercial-Share Alike 3.0 United States
11442,Attribution-NonCommercial-ShareAlike 3.0 International
11506,Attribution-Noncommercial-Share Alike 3.0 United States
11523,Attribution-Noncommercial-Share Alike 3.0 United States
11527,Attribution-Noncommercial-Share Alike 3.0 United States
11541,Attribution-Noncommercial-Share Alike 3.0 United States
11566,Attribution-NonCommercial-ShareAlike 3.0 International
11593,Attribution-Noncommercial-Share Alike 3.0 United States
11595,Attribution-Noncommercial-Share Alike 3.0 United States
11664,Attribution-Noncommercial-Share Alike 3.0 United States
11717,Attribution-Noncommercial-Share Alike 3.0 United States
11764,Attribution-NonCommercial 3.0 International
11819,Attribution-Noncommercial-Share Alike 3.0 United States
11864,Attribution-Noncommercial-Share Alike 3.0 United States
11874,Attribution-Noncommercial-Share Alike 3.0 United States
11886,Attribution-Noncommercial-Share Alike 3.0 United States
11914,Attribution-Noncommercial-Share Alike 3.0 United States
11938,Attribution-Noncommercial-Share Alike 3.0 Germany
12050,Attribution-Noncommercial-Share Alike 3.0 United States
12062,Attribution-Noncommercial-Share Alike 3.0 United States
12064,Attribution-Noncommercial-Share Alike 3.0 United States
12094,Attribution-NonCommercial-ShareAlike 3.0 International
12147,Attribution-Noncommercial-Share Alike 3.0 United States
12172,Attribution-Noncommercial-Share Alike 3.0 Germany
12179,Attribution-ShareAlike 3.0 International
12240,Attribution-ShareAlike 3.0 International
12259,Attribution-ShareAlike 3.0 International
12264,Attribution-ShareAlike 3.0 International
12339,ideology.de
12353,Attribution-NonCommercial 2.5
12401,Attribution-Noncommercial-Share Alike 3.0 United States
12406,Attribution-Noncommercial-Share Alike 3.0 United States
12419,Attribution-Noncommercial-Share Alike 3.0 United States
12425,Attribution-Noncommercial-Share Alike 3.0 United States
12484,Attribution-Noncommercial-Share Alike 3.0 United States
12490,Attribution-Noncommercial-Share Alike 3.0 United States
12521,Attribution-NonCommercial-ShareAlike 3.0 International
12548,Attribution-NonCommercial-ShareAlike 3.0 International
12752,Attribution-Noncommercial-Share Alike 3.0 United States
12950,Attribution-NonCommercial-ShareAlike 3.0 International
12956,Attribution-NonCommercial-ShareAlike 3.0 International
13191,Attribution-NonCommercial-ShareAlike 3.0 International
13207,Attribution-NonCommercial-ShareAlike 3.0 International
13325,Attribution-NonCommercial-ShareAlike 3.0 International
13445,Attribution-Noncommercial-Share Alike 3.0 United States
13446,Attribution-Noncommercial-Share Alike 3.0 United States
13495,Attribution-Noncommercial-Share Alike 3.0 United States
13543,Attribution-Noncommercial-Share Alike 3.0 United States
13670,Attribution-NonCommercial-ShareAlike 3.0 International
13776,Attribution-Noncommercial-Share Alike 3.0 United States
13780,Attribution-Noncommercial-Share Alike 3.0 United States
13804,Attribution-Noncommercial-Share Alike 3.0 United States
14044,Attribution 3.0 International
14199,Attribution-Noncommercial-Share Alike 3.0 United States
14200,Attribution-Noncommercial-Share Alike 3.0 United States
14204,Attribution-Noncommercial-Share Alike 3.0 United States
14406,Attribution-Noncommercial-Share Alike 3.0 United States
14412,Attribution-Noncommercial-Share Alike 3.0 United States
14664,Attribution-Noncommercial-Share Alike 3.0 United States
14734,Attribution-Noncommercial-Share Alike 3.0 United States
14743,Attribution-Noncommercial-Share Alike 3.0 United States
14809,Attribution-Noncommercial-Share Alike 3.0 United States
14813,Attribution-Noncommercial-Share Alike 3.0 United States
14815,Attribution-Noncommercial-Share Alike 3.0 United States
15090,Attribution-NonCommercial-ShareAlike 3.0 International
15092,Attribution-NonCommercial-ShareAlike 3.0 International
15156,Attribution-Noncommercial-Share Alike 3.0 United States
15359,Attribution-Noncommercial-Share Alike 3.0 United States
15365,Attribution-Noncommercial-Share Alike 3.0 United States
15366,Attribution-Noncommercial-Share Alike 3.0 United States
15367,Attribution-Noncommercial-Share Alike 3.0 United States
15514,Attribution-NonCommercial-ShareAlike 3.0 International
15520,Attribution-NonCommercial-ShareAlike 3.0 International
15669,Attribution-Noncommercial-Share Alike 3.0 United States
15757,Attribution-Noncommercial-Share Alike 3.0 United States
15762,Attribution-Noncommercial-Share Alike 3.0 United States
15864,Attribution-Noncommercial-Share Alike 3.0 United States
15870,Attribution-Noncommercial-Share Alike 3.0 United States
15948,Attribution-Noncommercial-Share Alike 3.0 United States
15950,Attribution-Noncommercial-Share Alike 3.0 United States
15953,Attribution-NonCommercial-ShareAlike 3.0 International
16221,Attribution-NonCommercial-ShareAlike 3.0 International
16377,Public Domain / Sound Recording Common Law Protection
16390,Public Domain / Sound Recording Common Law Protection
16401,Public Domain / Sound Recording Common Law Protection
16422,Public Domain / Sound Recording Common Law Protection
16424,Public Domain / Sound Recording Common Law Protection
16539,Attribution-NonCommercial-ShareAlike 3.0 International
16602,Attribution-NonCommercial-ShareAlike 3.0 International
16607,Attribution-NonCommercial-ShareAlike 3.0 International
16692,Attribution-Noncommercial-Share Alike 2.0 Germany
16694,Attribution-Noncommercial-Share Alike 2.0 Germany
16704,Attribution-NonCommercial-ShareAlike 3.0 International
17409,Attribution-Noncommercial-Share Alike 3.0 United States
17579,Attribution-Noncommercial-Share Alike 3.0 United States
17588,Attribution-Noncommercial-Share Alike 3.0 United States
17590,Attribution-Noncommercial-Share Alike 3.0 United States
17829,Attribution-Noncommercial-Share Alike 3.0 United States
17923,Attribution-Noncommercial-Share Alike 3.0 United States
17990,Public Domain / Sound Recording Common Law Protection
17991,Public Domain / Sound Recording Common Law Protection
17996,Public Domain / Sound Recording Common Law Protection
18024,Public Domain / Sound Recording Common Law Protection
18400,Attribution-Noncommercial-Share Alike 3.0 United States
18582,Attribution-Noncommercial-Share Alike 3.0 United States
18615,Attribution-Noncommercial-Share Alike 3.0 United States
18617,Attribution-Noncommercial-Share Alike 3.0 United States
18618,Attribution-Noncommercial-Share Alike 3.0 United States
18619,Attribution-Noncommercial-Share Alike 3.0 United States
18783,Attribution-Noncommercial-Share Alike 3.0 United States
18784,Attribution-Noncommercial-Share Alike 3.0 United States
19237,Attribution-Noncommercial-Share Alike 3.0 United States
19284,Attribution-NonCommercial-ShareAlike 3.0 International
19397,Attribution-Noncommercial-Share Alike 3.0 United States
19441,Attribution-NonCommercial-ShareAlike 3.0 International
19635,Attribution
19759,Attribution-Noncommercial-Share Alike 3.0 United States
19761,Attribution-Noncommercial-Share Alike 3.0 United States
19975,Attribution-Noncommercial-Share Alike 3.0 United States
19976,Attribution-Noncommercial-Share Alike 3.0 United States
19979,Attribution-Noncommercial-Share Alike 3.0 United States
20018,Attribution-Noncommercial-Share Alike 3.0 United States
20019,Attribution-Noncommercial-Share Alike 3.0 United States
20024,Attribution-Noncommercial-Share Alike 3.0 United States
20030,Attribution-Noncommercial-Share Alike 3.0 United States
20038,Attribution-Noncommercial-Share Alike 3.0 United States
20090,CC0 1.0 Universal
20093,CC0 1.0 Universal
20095,CC0 1.0 Universal
20099,CC0 1.0 Universal
20100,CC0 1.0 Universal
20119,Attribution-Noncommercial-Share Alike 3.0 United States
20135,Public Domain / Sound Recording Common Law Protection
20138,Public Domain / Sound Recording Common Law Protection
20145,Public Domain / Sound Recording Common Law Protection
20155,Public Domain / Sound Recording Common Law Protection
20163,Public Domain / Sound Recording Common Law Protection
20203,Public Domain / Sound Recording Common Law Protection
20446,Attribution-Noncommercial-Share Alike 3.0 United States
20487,Attribution-NonCommercial-ShareAlike 3.0 International
20488,Attribution-NonCommercial-ShareAlike 3.0 International
20490,Attribution-NonCommercial-ShareAlike 3.0 International
20492,Attribution-NonCommercial-ShareAlike 3.0 International
20730,Public Domain / Sound Recording Common Law Protection
21130,Public Domain / Sound Recording Common Law Protection
21860,Attribution-Noncommercial-Share Alike 3.0 United States
22056,Attribution-Noncommercial-Share Alike 3.0 United States
22062,Attribution-Noncommercial-Share Alike 3.0 United States
22113,Attribution-Noncommercial-Share Alike 3.0 United States
22172,Attribution-Noncommercial-Share Alike 3.0 United States
22193,Attribution-Noncommercial-Share Alike 3.0 United States
22201,Attribution-Noncommercial-Share Alike 3.0 United States
22222,Attribution-Noncommercial-Share Alike 3.0 United States
22259,Attribution-Noncommercial-Share Alike 3.0 United States
22265,Attribution-Noncommercial-Share Alike 3.0 United States
22276,Attribution-Noncommercial-Share Alike 3.0 United States
22414,Attribution-Noncommercial-Share Alike 3.0 United States
22418,Attribution-Noncommercial-Share Alike 3.0 United States
22421,Attribution-Noncommercial-Share Alike 3.0 United States
22422,Attribution-Noncommercial-Share Alike 3.0 United States
22474,Attribution 3.0 United States
22478,Attribution 3.0 United States
22479,Attribution 3.0 United States
22481,Attribution 3.0 United States
22504,Attribution-NonCommercial-ShareAlike 3.0 International
22750,Attribution-Noncommercial-Share Alike 2.0 UK: England 
22960,Attribution-NonCommercial-ShareAlike 3.0 International
22968,Attribution-NonCommercial-ShareAlike 3.0 International
22974,Attribution-Noncommercial-Share Alike 3.0 United States
22997,Attribution-Noncommercial-Share Alike 3.0 United States
23039,Attribution-NonCommercial-ShareAlike 3.0 International
23060,Attribution-Noncommercial-Share Alike 3.0 United States
23900,Attribution-Noncommercial-Share Alike 3.0 United States
23909,Attribution-Noncommercial-Share Alike 3.0 United States
24918,Attribution-Noncommercial-Share Alike 3.0 United States
25142,Public Domain / Sound Recording Common Law Protection
25170,Public Domain / Sound Recording Common Law Protection
25172,Public Domain / Sound Recording Common Law Protection
25177,Public Domain / Sound Recording Common Law Protection
25664,Attribution-Noncommercial-Share Alike 2.0 UK: England 
25665,Attribution-Noncommercial-Share Alike 2.0 UK: England 
25890,Attribution-Noncommercial-Share Alike 3.0 United States
25891,Attribution-Noncommercial-Share Alike 3.0 United States
26173,Attribution-NonCommercial
26177,Attribution-NonCommercial
26574,Attribution
27438,Attribution-Noncommercial-Share Alike 3.0 United States
27547,Attribution-NonCommercial-ShareAlike 3.0 International
27555,Attribution-Noncommercial-Share Alike 3.0 United States
27560,Attribution-Noncommercial-Share Alike 3.0 United States
27790,Attribution-Noncommercial-Share Alike 3.0 United States
27795,Attribution-NonCommercial 3.0 International
27802,Attribution-NonCommercial 3.0 International
28030,Attribution-Noncommercial-Share Alike 3.0 United States
28035,Attribution-Noncommercial-Share Alike 3.0 United States
28227,Attribution-Noncommercial-Share Alike 3.0 United States
28318,Attribution-NonCommercial-ShareAlike 3.0 International
28444,Attribution-Noncommercial-Share Alike 3.0 United States
29048,Attribution-Noncommercial-Share Alike 3.0 United States
29271,Attribution-NonCommercial-ShareAlike 3.0 International
29336,Attribution-Noncommercial-Share Alike 3.0 United States
29338,Attribution-Noncommercial-Share Alike 3.0 United States
29341,Attribution-Noncommercial-Share Alike 3.0 United States
29342,Attribution-Noncommercial-Share Alike 3.0 United States
30044,Attribution-ShareAlike
30291,Attribution-NonCommercial-ShareAlike 3.0 International
30399,Attribution-Noncommercial-Share Alike 3.0 United States
30400,Attribution-Noncommercial-Share Alike 3.0 United States
30405,Attribution-Noncommercial-Share Alike 3.0 United States
30508,Attribution-Noncommercial-Share Alike 3.0 United States
31120,Public Domain / Sound Recording Common Law Protection
31131,Public Domain / Sound Recording Common Law Protection
31324,Attribution-Noncommercial-Share Alike 3.0 United States
31325,Attribution-Noncommercial-Share Alike 3.0 United States
31392,Attribution-Noncommercial 2.5 Switzerland
31742,Attribution-Noncommercial-Share Alike 3.0 United States
31766,Attribution-Noncommercial-Share Alike 3.0 United States
31801,Attribution-Noncommercial-Share Alike 3.0 United States
31809,Attribution-Noncommercial-Share Alike 3.0 United States
32224,Attribution-NonCommercial-ShareAlike 3.0 International
32303,Attribution-NonCommercial-ShareAlike 3.0 International
32330,Attribution-NonCommercial-ShareAlike 3.0 International
32333,Attribution-NonCommercial-ShareAlike 3.0 International
32806,Attribution-NonCommercial 3.0 International
33492,Attribution-Noncommercial-Share Alike 3.0 United States
33573,Attribution-Noncommercial-Share Alike 3.0 United States
34929,Attribution-Noncommercial-Share Alike 3.0 United States
35400,Attribution-Noncommercial-Share Alike 3.0 United States
35443,Attribution-NonCommercial-ShareAlike 3.0 International
35532,Attribution-ShareAlike 3.0 International
35535,Attribution-ShareAlike 3.0 International
35973,Attribution-Noncommercial-Share Alike 3.0 United States
36301,Attribution-Noncommercial-Share Alike 3.0 United States
36512,Attribution-Noncommercial-Share Alike 3.0 United States
37907,Creative Commons Attribution
37982,Attribution-NonCommercial 3.0 International
38421,Attribution-Noncommercial-Share Alike 3.0 United States
38567,Attribution-ShareAlike 3.0 International
38577,Attribution-ShareAlike 3.0 International
38928,Attribution-Noncommercial-Share Alike 3.0 United States
38958,Attribution-NonCommercial-ShareAlike 3.0 International
39117,Attribution-Noncommercial-Share Alike 3.0 United States
39296,Attribution-NonCommercial-ShareAlike 3.0 International
39332,Attribution-NonCommercial-ShareAlike 3.0 International
39336,Attribution-NonCommercial-ShareAlike 3.0 International
39338,Attribution-NonCommercial-ShareAlike 3.0 International
39654,Attribution-Noncommercial-Share Alike 3.0 United States
39657,Attribution-Noncommercial-Share Alike 3.0 United States
39747,Attribution-Noncommercial-Share Alike 3.0 United States
39847,Attribution-Noncommercial-Share Alike 3.0 United States
39857,Attribution-NonCommercial-ShareAlike 3.0 International
39928,Attribution-Noncommercial-Share Alike 3.0 United States
39940,Attribution-Noncommercial-Share Alike 3.0 United States
40058,Attribution-NonCommercial-ShareAlike 3.0 International
40139,Attribution-Noncommercial-Share Alike 3.0 United States
40143,Attribution-Noncommercial-Share Alike 3.0 United States
40233,Attribution-Noncommercial-Share Alike 3.0 United States
40249,Attribution-NonCommercial-ShareAlike 3.0 International
40269,Attribution-Noncommercial-Share Alike 3.0 United States
40272,Attribution-Noncommercial-Share Alike 3.0 United States
40426,Attribution-Noncommercial-Share Alike 3.0 United States
40815,Attribution-NonCommercial-ShareAlike 3.0 International
41310,Attribution-Noncommercial-Share Alike 3.0 United States
42179,Attribution-Noncommercial-Share Alike 3.0 United States
42838,Attribution-Noncommercial-Share Alike 3.0 United States
42839,Attribution-Noncommercial-Share Alike 3.0 United States
42844,Attribution-Noncommercial-Share Alike 3.0 United States
42951,Attribution-Noncommercial-Share Alike 3.0 United States
43300,Attribution-Noncommercial-Share Alike 3.0 United States
44383,Attribution-Noncommercial-Share Alike 3.0 United States
44815,Attribution-NonCommercial
44826,Attribution-Noncommercial-Share Alike 3.0 United States
45476,Attribution-NonCommercial-ShareAlike 3.0 International
45573,Attribution-Noncommercial-Share Alike 3.0 United States
46021,Attribution-NonCommercial 3.0 International
46164,Attribution-Noncommercial-Share Alike 3.0 United States
46586,Attribution-NonCommercial-ShareAlike 3.0 International
46691,Attribution-Noncommercial-Share Alike 3.0 United States
46839,Attribution-NonCommercial
46842,Attribution-NonCommercial
47118,Attribution-Noncommercial-Share Alike 3.0 United States
47179,Attribution-Noncommercial-Share Alike 3.0 United States
47346,Attribution-Noncommercial-Share Alike 3.0 United States
47353,Attribution-Noncommercial-Share Alike 3.0 United States
47413,Attribution-Noncommercial-Share Alike 3.0 United States
47416,Attribution-Noncommercial-Share Alike 3.0 United States
47666,Attribution-NonCommercial-ShareAlike 3.0 International
47900,Attribution-NonCommercial-ShareAlike 3.0 International
47906,Attribution-NonCommercial-ShareAlike 3.0 International
47916,Attribution-NonCommercial-ShareAlike 3.0 International
48204,Attribution-Noncommercial-Share Alike 3.0 United States
48213,Attribution-Noncommercial-Share Alike 3.0 United States
48241,Attribution-NonCommercial-ShareAlike 3.0 International
48245,Attribution-NonCommercial-ShareAlike 3.0 International
48246,Attribution-NonCommercial-ShareAlike 3.0 International
48247,Attribution-NonCommercial-ShareAlike 3.0 International
48249,Attribution-NonCommercial-ShareAlike 3.0 International
48691,Attribution-NonCommercial-ShareAlike 3.0 International
48695,Attribution-NonCommercial-ShareAlike 3.0 International
48784,Attribution-Noncommercial-Share Alike 3.0 United States
48801,Attribution-Noncommercial-Share Alike 3.0 United States
48809,Attribution-NonCommercial-ShareAlike 3.0 International
48814,Attribution-NonCommercial-ShareAlike 3.0 International
48829,Attribution-Noncommercial-Share Alike 3.0 United States
49841,Attribution-Noncommercial-Share Alike 3.0 United States
49843,Attribution-NonCommercial-ShareAlike 3.0 International
49845,Attribution-NonCommercial-ShareAlike 3.0 International
49847,Attribution-NonCommercial-ShareAlike 3.0 International
50410,Attribution-Noncommercial-Share Alike 3.0 United States
50450,Attribution-Noncommercial-Share Alike 3.0 United States
50451,Attribution-Noncommercial-Share Alike 3.0 United States
51233,Attribution-NonCommercial-ShareAlike 3.0 International
51241,Attribution-NonCommercial-ShareAlike 3.0 International
51508,Attribution-NonCommercial-ShareAlike 3.0 International
51608,Attribution-NonCommercial-ShareAlike 3.0 International
51685,Attribution-NonCommercial-ShareAlike 3.0 International
51985,Attribution-NonCommercial-ShareAlike 3.0 International
51987,Attribution-NonCommercial-ShareAlike 3.0 International
52010,Attribution-NonCommercial-ShareAlike 3.0 International
52063,Attribution-NonCommercial-ShareAlike 3.0 International
52481,Attribution-Noncommercial-Share Alike 3.0 United States
52856,Attribution-NonCommercial-ShareAlike 3.0 International
52983,Attribution-NonCommercial-ShareAlike 3.0 International
52987,Attribution-Noncommercial-Share Alike 3.0 United States
53143,Attribution-Noncommercial-Share Alike 3.0 United States
53252,Attribution-NonCommercial-ShareAlike 3.0 International
53678,Attribution-Noncommercial-Share Alike 3.0 United States
53859,Attribution-NonCommercial-ShareAlike 3.0 International
53861,Attribution-NonCommercial-ShareAlike 3.0 International
53900,Attribution-NonCommercial-ShareAlike 3.0 International
54528,Attribution-Noncommercial 3.0 United States
54617,Attribution-NonCommercial-ShareAlike 3.0 International
54717,Attribution-NonCommercial-ShareAlike 3.0 International
55123,Attribution-ShareAlike 3.0 International
55799,Attribution-Noncommercial-Share Alike 3.0 United States
55803,Attribution-Noncommercial-Share Alike 3.0 United States
56191,Attribution-Noncommercial-Share Alike 3.0 United States
56316,Attribution-Noncommercial-Share Alike 3.0 United States
56895,Attribution-Noncommercial-Share Alike 3.0 United States
56898,Attribution-NonCommercial-ShareAlike 3.0 International
56934,CopyrightPlus
56940,CopyrightPlus
57004,Attribution-NonCommercial-ShareAlike 3.0 International
57080,Attribution-Noncommercial-Share Alike 3.0 Netherlands
57163,Attribution-NonCommercial-ShareAlike 3.0 International
57437,Attribution-NonCommercial-ShareAlike 3.0 International
57576,Attribution-Noncommercial-Share Alike 2.0 UK: England 
58111,Attribution-Noncommercial-Share Alike 3.0 United States
58406,Attribution-Noncommercial-Share Alike 3.0 United States
58700,Attribution
59224,Attribution-Noncommercial-Share Alike 3.0 United States
59238,Attribution-Noncommercial-Share Alike 3.0 United States
59287,Attribution-NonCommercial-ShareAlike 3.0 (Will Not Appear in Vimeo Music Store)
59326,Attribution-Noncommercial-Share Alike 2.5 Italy
59433,Attribution-Noncommercial-Share Alike 3.0 United States
59434,Attribution-Noncommercial-Share Alike 3.0 United States
59438,Attribution-Noncommercial-Share Alike 3.0 United States
59443,Attribution-Noncommercial-Share Alike 3.0 United States
59506,Public Domain / Sound Recording Common Law Protection
59569,Public Domain / Sound Recording Common Law Protection
59605,Attribution-NonCommercial-ShareAlike 3.0 International
60004,Attribution-Noncommercial-Share Alike 3.0 Netherlands
60277,Public Domain / Sound Recording Common Law Protection
60694,Attribution-Noncommercial-Share Alike 3.0 New Zealand
60707,Attribution-Noncommercial-Share Alike 3.0 United States
60713,Attribution-Noncommercial-Share Alike 3.0 United States
60722,Attribution-Noncommercial-Share Alike 3.0 United States
60765,Attribution-Noncommercial-Share Alike 3.0 United States
60886,Attribution-Noncommercial-Share Alike 3.0 United States
60898,Attribution-Noncommercial-Share Alike 3.0 United States
60956,Attribution-Noncommercial-Share Alike 2.0 UK: England 
61510,Attribution-NonCommercial 3.0 International
61512,Attribution-NonCommercial 3.0 International
61528,Attribution-NonCommercial-ShareAlike 3.0 International
61534,Attribution-NonCommercial-ShareAlike 3.0 International
61729,Attribution-NonCommercial-ShareAlike 3.0 International
61923,Public Domain / Sound Recording Common Law Protection
62141,Attribution-NonCommercial 3.0 International
62650,Attribution-Noncommercial-Share Alike 3.0 United States
62870,Attribution-Noncommercial-Share Alike 3.0 United States
63098,Attribution-NonCommercial 3.0 International
63143,Attribution-NonCommercial 3.0 International
63146,Attribution-NonCommercial 3.0 International
63241,Attribution-Noncommercial-Share Alike 3.0 United States
63246,Attribution-Noncommercial-Share Alike 3.0 United States
63253,Attribution-Noncommercial-Share Alike 3.0 United States
63257,Attribution-Noncommercial-Share Alike 3.0 United States
63259,Attribution-Noncommercial-Share Alike 3.0 United States
63445,Attribution-NonCommercial-ShareAlike 3.0 International
63733,Attribution-ShareAlike
63753,Attribution-ShareAlike
64396,Attribution-Noncommercial-Share Alike 3.0 United States
64558,Attribution-Noncommercial-Share Alike 2.0 UK: England 
64562,Attribution-Noncommercial-Share Alike 2.0 UK: England 
64576,Attribution-NonCommercial-ShareAlike 3.0 International
64739,Attribution-Noncommercial-Share Alike 3.0 United States
64740,Attribution-Noncommercial-Share Alike 3.0 United States
64835,Attribution-Noncommercial-Share Alike 2.0 UK: England 
64844,Attribution-Noncommercial-Share Alike 3.0 United States
64999,Attribution-NonCommercial-ShareAlike 3.0 International
65203,Attribution-NonCommercial-ShareAlike 3.0 International
65208,Attribution-NonCommercial-ShareAlike 3.0 International
65221,Attribution-NonCommercial-ShareAlike 3.0 International
65229,Attribution-NonCommercial-ShareAlike 3.0 International
65618,Attribution-Noncommercial-Share Alike 3.0 United States
65690,Attribution-Noncommercial-Share Alike 3.0 New Zealand
65813,Attribution-NonCommercial-ShareAlike 3.0 International
65815,Attribution-NonCommercial-ShareAlike 3.0 International
65927,Attribution-NonCommercial
65994,Attribution-Noncommercial-Share Alike 3.0 United States
65995,Attribution-Noncommercial-Share Alike 3.0 United States
66066,Attribution-NonCommercial-ShareAlike 3.0 International
66088,Attribution-Noncommercial-Share Alike 3.0 United States
66098,Attribution-Noncommercial-Share Alike 3.0 United States
66100,Attribution-Noncommercial-Share Alike 3.0 United States
66134,Attribution-Noncommercial 3.0 United States
66280,Attribution-NonCommercial
66286,Attribution-NonCommercial
66310,Attribution-Noncommercial 3.0 United States
66415,Attribution-Noncommercial-Share Alike 3.0 United States
66447,Attribution-NoDerivs 2.5 Canada
66531,Attribution-Noncommercial-Share Alike 3.0 United States
66555,Attribution-Noncommercial-Share Alike 3.0 United States
66688,Attribution-Noncommercial-Share Alike 3.0 United States
66712,Attribution-Noncommercial-Share Alike 3.0 United States
66784,Attribution-Noncommercial-Share Alike 3.0 United States
66787,Attribution-Noncommercial-Share Alike 3.0 United States
67218,Attribution-Noncommercial 3.0 United States
67353,Attribution-NonCommercial
67774,Attribution-Noncommercial-Share Alike 3.0 United States
67779,Attribution-Noncommercial-Share Alike 3.0 United States
68308,Attribution-Noncommercial-Share Alike 3.0 United States
68666,Attribution
68782,Attribution-NonCommercial-ShareAlike 3.0 International
68783,Attribution-NonCommercial-ShareAlike 3.0 International
68786,Attribution-NonCommercial-ShareAlike 3.0 International
68837,Attribution 3.0 United States
68841,Attribution 3.0 United States
68877,Attribution-Noncommercial-Share Alike 3.0 United States
68906,Attribution-NonCommercial-ShareAlike 3.0 International
68915,Attribution-NonCommercial-ShareAlike 3.0 International
69049,Attribution-Noncommercial-Share Alike 3.0 United States
69568,Attribution-NonCommercial 3.0 International
69690,Attribution-Noncommercial-Share Alike 3.0 United States
69843,Attribution-Noncommercial-Share Alike 3.0 United States
70053,Attribution-NonCommercial-ShareAlike 3.0 International
70212,Attribution-NonCommercial
70229,Attribution-NonCommercial
70395,Attribution-Noncommercial-Share Alike 3.0 United States
70495,Attribution-Noncommercial-Share Alike 3.0 United States
70550,Attribution-Noncommercial-Share Alike 3.0 United States
70552,Attribution-Noncommercial-Share Alike 3.0 United States
70556,Attribution-Noncommercial-Share Alike 3.0 United States
70563,Attribution-Noncommercial-Share Alike 3.0 United States
70819,Attribution-Noncommercial-Share Alike 3.0 United States
71079,Attribution-NonCommercial-ShareAlike 3.0 (Will Not Appear in Vimeo Music Store)
71081,Attribution-NonCommercial-ShareAlike 3.0 (Will Not Appear in Vimeo Music Store)
71255,Attribution-ShareAlike 3.0 International
71595,Attribution-Noncommercial-Share Alike 3.0 United States
71624,Attribution-Noncommercial-Share Alike 3.0 United States
71636,Attribution-Noncommercial-Share Alike 3.0 United States
71661,Attribution-Noncommercial-Share Alike 3.0 United States
71664,Attribution-Noncommercial-Share Alike 3.0 United States
71682,Attribution-Noncommercial-Share Alike 3.0 United States
72055,Attribution-Noncommercial-Share Alike 3.0 United States
72056,Attribution-Noncommercial-Share Alike 3.0 United States
72176,Attribution-Noncommercial-Share Alike 3.0 United States
72242,Attribution-Noncommercial-Share Alike 3.0 United States
72277,Attribution-NonCommercial-ShareAlike 3.0 International
72436,Attribution-NonCommercial 3.0 International
72609,Attribution-Noncommercial-Share Alike 3.0 United States
72732,Attribution-NonCommercial-ShareAlike 3.0 International
72737,Attribution-NonCommercial-ShareAlike 3.0 International
73158,Attribution-NonCommercial-ShareAlike 3.0 International
73165,Attribution-NonCommercial-ShareAlike 3.0 International
73175,Attribution 3.0 United States
73432,Attribution-NonCommercial-ShareAlike 3.0 International
73434,Attribution-NonCommercial-ShareAlike 3.0 International
73836,Attribution-Noncommercial-Share Alike 3.0 United States
73926,Attribution-NonCommercial-ShareAlike 3.0 International
73927,Attribution-NonCommercial-ShareAlike 3.0 International
73929,Attribution-NonCommercial-ShareAlike 3.0 International
73959,Attribution-NonCommercial-ShareAlike 3.0 International
74369,Attribution-NonCommercial-ShareAlike 3.0 International
74527,Attribution-NonCommercial-ShareAlike 3.0 International
74529,Attribution-NonCommercial-ShareAlike 3.0 International
74693,Attribution-NonCommercial-ShareAlike 3.0 International
74695,Attribution-NonCommercial-ShareAlike 3.0 International
74882,Attribution-NonCommercial-ShareAlike 3.0 International
74887,Attribution-NonCommercial-ShareAlike 3.0 International
74937,Attribution-NonCommercial-ShareAlike 3.0 International
75052,Attribution-NonCommercial-ShareAlike 3.0 International
75056,Attribution-NonCommercial-ShareAlike 3.0 International
75085,Attribution-NonCommercial-ShareAlike 3.0 International
75104,Attribution-NonCommercial-ShareAlike 3.0 International
75174,Attribution-NonCommercial-ShareAlike 3.0 International
75193,Attribution-NonCommercial-ShareAlike 3.0 International
75197,Attribution-ShareAlike 3.0 International
75200,Attribution-ShareAlike 3.0 International
75210,Attribution-ShareAlike 3.0 International
75223,Attribution-NonCommercial-ShareAlike 3.0 International
75235,Attribution-NonCommercial-ShareAlike 3.0 International
75391,Creative Commons Attribution
75418,Creative Commons Attribution
75681,Attribution-NonCommercial-ShareAlike 3.0 International
75784,Attribution 3.0 International
76552,Attribution-NonCommercial-ShareAlike 3.0 International
77233,Attribution-NonCommercial-ShareAlike 3.0 International
78525,Attribution-Noncommercial-Share Alike 3.0 United States
79399,Attribution-Noncommercial-Share Alike 3.0 United States
79609,Attribution-Noncommercial-Share Alike 3.0 United States
79746,Attribution-Noncommercial-Share Alike 3.0 United States
79848,Attribution-NonCommercial-ShareAlike 3.0 International
79919,Attribution-NonCommercial-ShareAlike 3.0 International
80158,Attribution-Noncommercial-Share Alike 3.0 Netherlands
80161,Attribution-Noncommercial-Share Alike 3.0 Netherlands
80381,Attribution-Noncommercial-Share Alike 3.0 United States
80554,Attribution
80573,Attribution
80577,Attribution
80583,Creative Commons Attribution
80588,Attribution
80777,Attribution-Noncommercial-Share Alike 3.0 United States
80895,Attribution-Noncommercial-Share Alike 3.0 United States
81357,Attribution-Noncommercial-Share Alike 3.0 United States
81421,Attribution-Noncommercial-Share Alike 3.0 United States
81434,Attribution-Noncommercial-Share Alike 3.0 United States
81474,Attribution-Noncommercial-Share Alike 3.0 United States
81922,Attribution-Noncommercial-Share Alike 3.0 United States
82201,Attribution-NonCommercial-ShareAlike 3.0 International
82467,Attribution-Noncommercial-Share Alike 3.0 United States
82468,Attribution-Noncommercial-Share Alike 3.0 United States
82502,Attribution-NonCommercial-ShareAlike 3.0 International
82509,Attribution-NonCommercial-NoDerivs 3.0 Italy
82557,Attribution-Noncommercial-Share Alike 3.0 United States
82574,Attribution-Noncommercial-Share Alike 3.0 United States
82653,Attribution-NonCommercial-ShareAlike 3.0 International
82657,Attribution-NonCommercial-ShareAlike 3.0 International
82867,Attribution-NonCommercial-ShareAlike 3.0 International
83160,Attribution-Noncommercial-Share Alike 3.0 United States
83722,Attribution-ShareAlike
84009,Attribution-Noncommercial-Share Alike 3.0 United States
84157,Attribution-Noncommercial-Share Alike 3.0 United States
84334,Attribution-NonCommercial-ShareAlike 3.0 International
84559,Attribution-NonCommercial-ShareAlike 3.0 International
84566,Attribution-NonCommercial-ShareAlike 3.0 International
84581,Attribution-NonCommercial-ShareAlike 3.0 International
84600,Attribution-NonCommercial-ShareAlike 3.0 International
84735,Attribution-NonCommercial-ShareAlike 3.0 International
84742,Attribution-Noncommercial-Share Alike 3.0 United States
84828,Attribution-NonCommercial-ShareAlike 3.0 International
85321,Attribution-Noncommercial 3.0 Netherlands
85323,Attribution-Noncommercial 3.0 Netherlands
85325,Attribution-Noncommercial 3.0 Netherlands
85331,Attribution-Noncommercial 3.0 Netherlands
85338,Attribution-Noncommercial 3.0 Netherlands
85339,Attribution-Noncommercial 3.0 Netherlands
85462,Attribution-NonCommercial 3.0 International
85676,Attribution-NonCommercial-ShareAlike 3.0 International
85787,Attribution-ShareAlike 3.0 International
85789,Attribution-ShareAlike 3.0 International
85861,Attribution-NonCommercial-ShareAlike 3.0 International
86060,Attribution-NonCommercial-ShareAlike 3.0 International
86179,Attribution-Noncommercial-Share Alike 3.0 United States
86180,Attribution-Noncommercial-Share Alike 3.0 United States
86185,Attribution-Noncommercial-Share Alike 3.0 United States
86503,Attribution-Noncommercial-Share Alike 3.0 United States
86636,Attribution-NonCommercial-ShareAlike 3.0 International
86790,Attribution-NonCommercial-ShareAlike 3.0 International
87059,Attribution-NonCommercial-ShareAlike 3.0 International
87123,Attribution-NonCommercial 3.0 International
87151,Attribution-NonCommercial-ShareAlike 3.0 International
87155,Attribution-NonCommercial-ShareAlike 3.0 International
87284,Attribution-NonCommercial-ShareAlike 3.0 International
87286,Attribution-NonCommercial-ShareAlike 3.0 International
87582,Attribution-Noncommercial-Share Alike 3.0 United States
87687,Attribution-Noncommercial-Share Alike 3.0 United States
88180,Attribution-Noncommercial-Share Alike 3.0 United States
88200,Attribution-Noncommercial-Share Alike 3.0 United States
88827,Attribution-NonCommercial 3.0 International
88829,Attribution-NonCommercial 3.0 International
88861,Attribution 3.0 United States
89665,Attribution-Noncommercial-Share Alike 3.0 United States
90033,Attribution-Noncommercial-Share Alike 3.0 United States
90035,Attribution-Noncommercial-Share Alike 3.0 United States
90039,Attribution-Noncommercial-Share Alike 3.0 United States
90069,Attribution-Noncommercial-Share Alike 3.0 United States
90175,Attribution-NonCommercial-ShareAlike 3.0 International
90271,Attribution-Noncommercial-Share Alike 3.0 United States
90382,Attribution-NonCommercial-ShareAlike 3.0 International
90610,Attribution-NonCommercial-ShareAlike 3.0 International
90632,Attribution-NonCommercial-ShareAlike 3.0 International
90741,Attribution-Noncommercial-Share Alike 3.0 United States
90922,Attribution-NonCommercial-ShareAlike 3.0 International
90972,Attribution-Noncommercial-Share Alike 3.0 United States
91004,Attribution-NonCommercial-ShareAlike 3.0 International
91029,Attribution-NonCommercial-ShareAlike 3.0 International
91205,Attribution-ShareAlike 3.0 International
91368,Attribution-Noncommercial-Share Alike 3.0 United States
91370,Attribution-Noncommercial-Share Alike 3.0 United States
91373,Attribution-Noncommercial-Share Alike 3.0 United States
91387,Attribution-Noncommercial-Share Alike 3.0 United States
91388,Attribution-Noncommercial-Share Alike 3.0 United States
91394,Attribution-Noncommercial-Share Alike 3.0 United States
91477,Attribution-Noncommercial-Share Alike 3.0 United States
91489,Attribution-Noncommercial-Share Alike 3.0 United States
91522,Attribution-Noncommercial-Share Alike 3.0 United States
91526,Attribution-Noncommercial-Share Alike 3.0 United States
91534,Attribution-Noncommercial-Share Alike 3.0 United States
91740,Attribution-NonCommercial-ShareAlike 3.0 International
91758,Attribution-NonCommercial 3.0 International
91789,Attribution-Noncommercial-Share Alike 3.0 United States
91816,Attribution-Noncommercial-Share Alike 3.0 United States
91842,Attribution-NonCommercial-ShareAlike 3.0 International
91845,Attribution-NonCommercial-ShareAlike 3.0 International
91849,Attribution-NonCommercial-ShareAlike 3.0 International
91850,Attribution-NonCommercial-ShareAlike 3.0 International
92026,Attribution-NonCommercial-ShareAlike 3.0 International
92031,Attribution-NonCommercial-ShareAlike 3.0 International
92108,Attribution-NonCommercial 3.0 International
92113,Attribution-NonCommercial 3.0 International
92159,Creative Commons Attribution
92162,Creative Commons Attribution
92368,Attribution-NonCommercial-ShareAlike 3.0 International
92416,Attribution-NonCommercial-ShareAlike 3.0 International
92723,Creative Commons Attribution
92726,Creative Commons Attribution
92833,Attribution-Noncommercial-Share Alike 3.0 United States
92840,Attribution-Noncommercial-Share Alike 3.0 United States
92842,Attribution-Noncommercial-Share Alike 3.0 United States
92868,Attribution-NonCommercial 3.0 International
93086,Attribution-Noncommercial-Share Alike 3.0 United States
93087,Attribution-Noncommercial-Share Alike 3.0 United States
93392,Attribution-NonCommercial-ShareAlike 3.0 International
93818,Attribution-NonCommercial-ShareAlike 3.0 International
93841,Attribution-NonCommercial-ShareAlike 3.0 International
93943,Attribution-NonCommercial-ShareAlike 3.0 International
94062,Attribution-NonCommercial-ShareAlike 3.0 International
94079,Attribution-NonCommercial-ShareAlike 3.0 International
94096,Attribution-NonCommercial-ShareAlike 3.0 International
94110,Attribution-NonCommercial-ShareAlike 3.0 International
94212,Creative Commons Attribution
94241,Attribution-NonCommercial-ShareAlike 3.0 International
94556,Attribution-NonCommercial-ShareAlike 3.0 International
94560,Attribution-NonCommercial-ShareAlike 3.0 International
94564,Attribution-NonCommercial-ShareAlike 3.0 International
95320,Attribution-Noncommercial-Share Alike 3.0 United States
95767,Attribution-Noncommercial-Share Alike 3.0 United States
95768,Attribution-Noncommercial-Share Alike 3.0 United States
95777,Attribution-Noncommercial-Share Alike 3.0 United States
95807,Attribution-Noncommercial-Share Alike 3.0 United States
95811,Attribution-Noncommercial-Share Alike 3.0 United States
95842,Attribution-Noncommercial-Share Alike 3.0 United States
95847,Attribution-Noncommercial-Share Alike 3.0 United States
95854,Attribution-Noncommercial-Share Alike 3.0 United States
95858,Attribution-Noncommercial-Share Alike 3.0 United States
95862,Attribution-Noncommercial-Share Alike 3.0 United States
96060,Attribution-NonCommercial-ShareAlike
96287,Attribution-Noncommercial-Share Alike 3.0 United States
96298,Attribution-Noncommercial-Share Alike 3.0 United States
96530,Attribution-NonCommercial-ShareAlike
96681,Attribution-NonCommercial-ShareAlike 3.0 International
96882,Attribution-Noncommercial-Share Alike 3.0 United States
97242,Attribution-NonCommercial-ShareAlike 3.0 International
97437,Attribution-NonCommercial
97447,Attribution-NonCommercial
97495,Attribution-Noncommercial-Share Alike 3.0 United States
98549,Attribution
98572,Attribution-NonCommercial
98576,Attribution
98702,Attribution-Noncommercial-Share Alike 3.0 United States
98858,Attribution-Noncommercial-Share Alike 3.0 United States
98961,Attribution-Noncommercial-Share Alike 3.0 United States
99303,Attribution-Noncommercial-Share Alike 3.0 United States
99524,Attribution-NonCommercial-ShareAlike
99569,Attribution-NonCommercial-ShareAlike 3.0 International
100491,Attribution-NonCommercial-ShareAlike
100711,Attribution-Noncommercial-Share Alike 3.0 United States
103557,Attribution-ShareAlike
103574,Attribution-Noncommercial-Share Alike 3.0 United States
103576,Attribution-Noncommercial-Share Alike 3.0 United States
104292,Attribution
104585,Attribution-ShareAlike
104586,Attribution-ShareAlike
104592,Attribution-ShareAlike
104597,Attribution-ShareAlike
104729,Attribution-NonCommercial-ShareAlike
104780,Attribution-NonCommercial
104817,Attribution-NonCommercial-ShareAlike
104821,Attribution-NonCommercial-ShareAlike
105010,Attribution-NonCommercial-ShareAlike
105014,Attribution-NonCommercial-ShareAlike
105018,Attribution-NonCommercial-ShareAlike
105019,Attribution-NonCommercial-ShareAlike
105057,Attribution
105060,Attribution
105682,Attribution-NonCommercial-ShareAlike
105931,Attribution-Noncommercial-Share Alike 2.0 UK: England 
105932,Attribution-Noncommercial-Share Alike 2.0 UK: England 
106463,Attribution-Noncommercial-Share Alike 3.0 United States
106598,Attribution-Noncommercial-Share Alike 3.0 United States
106604,Attribution-Noncommercial-Share Alike 3.0 United States
106873,Attribution-Noncommercial-Share Alike 3.0 United States
106876,Attribution-Noncommercial-Share Alike 3.0 United States
107467,Attribution-Noncommercial-Share Alike 3.0 United States
107481,Attribution
107482,Attribution
107501,Attribution-ShareAlike
107507,Attribution-ShareAlike
107521,Attribution
107522,Attribution
107523,Attribution
107572,Attribution
107576,Attribution
107594,Attribution
107602,Attribution-NonCommercial
107614,Attribution
107922,Attribution-NonCommercial-ShareAlike
108085,Attribution-NonCommercial
108091,Attribution-NonCommercial
108290,Attribution-Noncommercial-Share Alike 3.0 United States
108291,Attribution-Noncommercial-Share Alike 3.0 United States
108295,Attribution-Noncommercial-Share Alike 3.0 United States
108457,Attribution-Noncommercial-Share Alike 3.0 United States
108482,Attribution-NonCommercial-ShareAlike
109116,Attribution-Noncommercial-Share Alike 3.0 United States
109193,Attribution-NonCommercial-ShareAlike
109516,Attribution-Noncommercial-Share Alike 3.0 United States
109521,Attribution-Noncommercial-Share Alike 3.0 United States
109637,Attribution-NonCommercial-ShareAlike
109638,Attribution-NonCommercial-ShareAlike
109640,Attribution-NonCommercial-ShareAlike
109865,Attribution-Noncommercial-Share Alike 3.0 United States
109978,Attribution-Noncommercial-Share Alike 3.0 United States
110196,Attribution-NonCommercial-ShareAlike
110391,Attribution-NonCommercial-ShareAlike
110393,Attribution-NonCommercial-ShareAlike
110796,Attribution-NonCommercial-ShareAlike
111037,Attribution-Noncommercial-Share Alike 3.0 United States
111249,Attribution-Noncommercial-Share Alike 3.0 United States
111268,Attribution-Noncommercial-Share Alike 3.0 United States
111270,Attribution-NonCommercial-ShareAlike
111278,Attribution-NonCommercial-ShareAlike
111279,Attribution-NonCommercial-ShareAlike
111340,Attribution-Noncommercial-Share Alike 3.0 United States
111377,Attribution-NonCommercial-ShareAlike 3.0 International
111390,Attribution-NonCommercial-ShareAlike 3.0 International
111396,Attribution-NonCommercial-ShareAlike 3.0 International
111401,Attribution-NonCommercial-ShareAlike 3.0 International
111531,Attribution-NonCommercial-ShareAlike
111552,Attribution-NonCommercial-ShareAlike
111764,Attribution-Noncommercial-Share Alike 3.0 United States
111765,Attribution-Noncommercial-Share Alike 3.0 United States
111821,Attribution
111905,Attribution-Noncommercial-Share Alike 3.0 United States
111907,Attribution-Noncommercial-Share Alike 3.0 United States
112065,Attribution-NonCommercial-ShareAlike
112103,Attribution-NonCommercial-ShareAlike 3.0 International
112107,Attribution-NonCommercial-ShareAlike 3.0 International
112108,Attribution-NonCommercial-ShareAlike 3.0 International
112114,Attribution-NonCommercial-ShareAlike 3.0 International
112115,Attribution-NonCommercial-ShareAlike 3.0 International
112118,Attribution-NonCommercial-ShareAlike 3.0 International
112119,Attribution-NonCommercial-ShareAlike 3.0 International
112533,Attribution-NonCommercial-ShareAlike
112736,Attribution-NonCommercial-ShareAlike 3.0 International
112742,Attribution-NonCommercial-ShareAlike 3.0 International
112744,Attribution-NonCommercial-ShareAlike 3.0 International
112745,Attribution-NonCommercial-ShareAlike 3.0 International
112806,Attribution-NonCommercial-ShareAlike
113365,Attribution-Noncommercial-Share Alike 3.0 United States
113366,Attribution-Noncommercial-Share Alike 3.0 United States
113368,Attribution-Noncommercial-Share Alike 3.0 United States
113484,Attribution-NonCommercial-ShareAlike
113489,Attribution-NonCommercial-ShareAlike
113508,Attribution-NonCommercial-ShareAlike
113513,Attribution
113579,Attribution-Noncommercial-Share Alike 3.0 United States
113810,Attribution-ShareAlike
113812,Attribution-NonCommercial
113820,Attribution-NonCommercial
113962,Attribution-NonCommercial-ShareAlike
114045,Attribution-NonCommercial
114068,Attribution-Noncommercial-Share Alike 3.0 United States
114345,Attribution-Noncommercial-Share Alike 3.0 United States
114347,Attribution-Noncommercial-Share Alike 3.0 United States
114460,Attribution-Noncommercial-Share Alike 3.0 United States
114513,Attribution-Noncommercial-Share Alike 3.0 United States
114514,Attribution-Noncommercial-Share Alike 3.0 United States
114571,Attribution-NonCommercial-ShareAlike
114646,Attribution-NonCommercial-ShareAlike
114693,Attribution-Noncommercial-Share Alike 3.0 United States
114749,Attribution-NonCommercial-ShareAlike
114804,Attribution-Noncommercial-Share Alike 3.0 United States
115515,CC0 1.0 Universal
115520,Attribution-NonCommercial-ShareAlike
115544,Attribution
115548,Attribution
115550,Attribution
115602,Attribution-Noncommercial-Share Alike 3.0 United States
115603,Attribution-Noncommercial-Share Alike 3.0 United States
115626,Attribution-NonCommercial-ShareAlike
115760,Attribution-NonCommercial-ShareAlike
115761,CC0 1.0 Universal
115831,Attribution-Noncommercial-Share Alike 3.0 United States
115837,Attribution-Noncommercial-Share Alike 3.0 United States
116141,Attribution-Noncommercial-Share Alike 3.0 United States
116211,Attribution-NonCommercial-ShareAlike
116224,Attribution-NonCommercial-ShareAlike
116225,Attribution-NonCommercial-ShareAlike
116270,Attribution
116646,Attribution-Noncommercial-Share Alike 3.0 United States
116659,Attribution-Noncommercial-Share Alike 3.0 United States
116691,Creative Commons Attribution
116720,Attribution-NonCommercial-ShareAlike
116726,Attribution-NonCommercial-ShareAlike
116765,Attribution-NonCommercial-ShareAlike
116772,Attribution-NonCommercial-ShareAlike
116796,Attribution-NonCommercial-ShareAlike
116821,Attribution-NonCommercial-ShareAlike
116851,Attribution-NonCommercial-ShareAlike
116852,Attribution-NonCommercial-ShareAlike
117632,Attribution-NonCommercial-ShareAlike
117762,Attribution-Noncommercial-Share Alike 3.0 United States
117764,Attribution-Noncommercial-Share Alike 3.0 United States
117766,Attribution-Noncommercial-Share Alike 3.0 United States
117770,Attribution-Noncommercial-Share Alike 3.0 United States
118233,Attribution-Noncommercial-Share Alike 3.0 United States
118328,Attribution-ShareAlike
118330,Attribution-ShareAlike
118653,Attribution-ShareAlike
118884,Attribution-NonCommercial
118971,Attribution-Noncommercial-Share Alike 3.0 United States
119015,Attribution-NonCommercial
119016,Attribution-NonCommercial
119147,Attribution-NonCommercial
119150,Attribution-NonCommercial
119232,Attribution-NonCommercial
119235,Attribution-NonCommercial
119246,Attribution-NonCommercial
119255,Attribution-NonCommercial
119474,Attribution-NonCommercial
119585,Attribution-NonCommercial
119587,Attribution-NonCommercial
119590,Attribution-NonCommercial
119591,Attribution-NonCommercial
119619,Attribution-NonCommercial
119880,Attribution-Noncommercial-Share Alike 3.0 United States
119885,Attribution-Noncommercial-Share Alike 3.0 United States
119887,Attribution-Noncommercial-Share Alike 3.0 United States
119925,Attribution-Noncommercial-Share Alike 3.0 United States
119936,Attribution-Noncommercial-Share Alike 3.0 United States
119937,Attribution-Noncommercial-Share Alike 3.0 United States
120081,Attribution-NonCommercial
120119,Attribution-NonCommercial
120186,Attribution-NonCommercial
120198,Attribution-NonCommercial
120425,Attribution-NonCommercial-ShareAlike
120498,Attribution
121322,Attribution
121538,Attribution-Noncommercial-Share Alike 3.0 United States
121540,Attribution-Noncommercial-Share Alike 3.0 United States
121547,Attribution-Noncommercial-Share Alike 3.0 United States
121767,Attribution
121779,Attribution
121878,Attribution-NonCommercial-ShareAlike
121881,Attribution-NonCommercial-ShareAlike
122175,Attribution-NonCommercial-ShareAlike
122178,Attribution-NonCommercial-ShareAlike
122353,Attribution
122354,Attribution
122360,Attribution
122364,Attribution
122465,Attribution-Noncommercial-Share Alike 3.0 United States
122471,Attribution-Noncommercial-Share Alike 3.0 United States
122507,Attribution-NonCommercial-ShareAlike
122538,Public Domain / Sound Recording Common Law Protection
122540,Public Domain / Sound Recording Common Law Protection
122766,Attribution-NonCommercial-ShareAlike
122804,Attribution-Noncommercial-Share Alike 3.0 United States
122806,Attribution-Noncommercial-Share Alike 3.0 United States
122909,Public Domain / Sound Recording Common Law Protection
123137,Attribution-Noncommercial-Share Alike 3.0 United States
123223,Attribution-NonCommercial-ShareAlike
123295,Attribution-Noncommercial 3.0 United States
123300,Attribution-Noncommercial 3.0 United States
123304,Attribution-Noncommercial 3.0 United States
123391,Attribution-Noncommercial-Share Alike 3.0 United States
123628,Attribution-NonCommercial-ShareAlike
123642,Attribution-NonCommercial-ShareAlike
123739,Attribution-NonCommercial
123844,Attribution-Noncommercial-Share Alike 3.0 United States
123945,Attribution-Noncommercial-Share Alike 3.0 United States
123955,Attribution-Noncommercial-Share Alike 3.0 United States
123958,Attribution-Noncommercial-Share Alike 3.0 United States
124389,Attribution-ShareAlike
124401,Public Domain / Sound Recording Common Law Protection
124406,Public Domain / Sound Recording Common Law Protection
124415,Public Domain / Sound Recording Common Law Protection
124419,Public Domain / Sound Recording Common Law Protection
124428,Attribution-Noncommercial-Share Alike 3.0 United States
124520,Attribution-Noncommercial-Share Alike 3.0 United States
124521,Attribution-Noncommercial-Share Alike 3.0 United States
124582,Attribution-Noncommercial-Share Alike 3.0 United States
124927,Attribution-NonCommercial 3.0 International
124928,Attribution-NonCommercial 3.0 International
124993,Attribution-Noncommercial-Share Alike 3.0 United States
124996,Attribution-Noncommercial-Share Alike 3.0 United States
124998,Attribution-Noncommercial-Share Alike 3.0 United States
125037,Attribution-NonCommercial 3.0 International
125108,Public Domain
125117,Public Domain
125184,Attribution-NonCommercial-ShareAlike
125196,Attribution-NonCommercial-ShareAlike
125218,Attribution-NonCommercial-ShareAlike
125370,Attribution-Noncommercial-Share Alike 3.0 United States
125373,Attribution-Noncommercial-Share Alike 3.0 United States
125376,Attribution-Noncommercial-Share Alike 3.0 United States
125404,Attribution-Noncommercial 3.0 United States
125567,Attribution
125739,Attribution-NonCommercial-ShareAlike
126009,Attribution
126159,Attribution-NonCommercial
126165,Attribution-NonCommercial
126210,Attribution-NonCommercial-ShareAlike
126211,Attribution-NonCommercial-ShareAlike
126295,Attribution
126299,Attribution-NonCommercial
126354,Attribution-Noncommercial-Share Alike 3.0 United States
126358,Attribution-Noncommercial-Share Alike 3.0 United States
126392,Attribution-NonCommercial-ShareAlike
126395,Attribution-NonCommercial-ShareAlike
126578,Attribution-NonCommercial-ShareAlike
126579,Attribution-NonCommercial-ShareAlike
126666,Attribution-NonCommercial 3.0 International
126669,Attribution-NonCommercial 3.0 International
126671,Attribution-NonCommercial 3.0 International
126983,Attribution-NonCommercial-ShareAlike
126989,Attribution-NonCommercial-ShareAlike
127048,Attribution-NonCommercial-ShareAlike
127050,Attribution-NonCommercial-ShareAlike
127052,Attribution-NonCommercial-ShareAlike
127163,Attribution-NonCommercial-ShareAlike
127174,Attribution
127177,Attribution
127181,Attribution-NonCommercial
127248,Attribution
127249,Attribution
127266,Attribution
127267,Attribution
127296,Attribution
127302,Attribution
127303,Attribution
127304,Attribution-NonCommercial-ShareAlike
127310,Attribution-NonCommercial
127313,Attribution-NonCommercial
127314,Attribution-NonCommercial
127315,Attribution-NonCommercial
127500,Attribution-NonCommercial
127502,Attribution-NonCommercial
127872,Attribution-NonCommercial-ShareAlike
127882,Attribution-NonCommercial-ShareAlike
127883,Attribution-NonCommercial-ShareAlike
127886,Attribution-NonCommercial-ShareAlike
127891,Attribution-NonCommercial-ShareAlike
127894,Attribution-NonCommercial-ShareAlike
128191,Attribution-NonCommercial-ShareAlike
128268,Attribution-Noncommercial-Share Alike 3.0 United States
128295,Attribution-NonCommercial-ShareAlike 3.0 International
128301,Attribution-NonCommercial-ShareAlike 3.0 International
128443,Attribution-NonCommercial
128448,Attribution-ShareAlike
128500,Attribution-NonCommercial-ShareAlike
128614,Attribution-NonCommercial-ShareAlike
128765,Attribution-Noncommercial-Share Alike 3.0 United States
128766,Attribution-Noncommercial-Share Alike 3.0 United States
128921,Attribution-NonCommercial-ShareAlike
128967,Attribution-NonCommercial
129117,Attribution
129119,Attribution
129265,Attribution
129268,Attribution
129720,Attribution-NonCommercial-ShareAlike
129973,Attribution
130399,Attribution
130495,Attribution-Noncommercial-Share Alike 3.0 United States
130605,Attribution-NonCommercial-ShareAlike
130707,Attribution-Noncommercial-Share Alike 3.0 United States
130928,Attribution-NonCommercial-ShareAlike
130949,Attribution-NonCommercial-ShareAlike
130950,Attribution-NonCommercial-ShareAlike
130956,Attribution-NonCommercial-ShareAlike
130958,Attribution-NonCommercial-ShareAlike
131010,Attribution-NonCommercial-ShareAlike
131095,Attribution-ShareAlike
131097,Attribution-ShareAlike
131104,Attribution-ShareAlike
131121,Attribution
131146,Attribution
131148,Attribution
131164,Attribution
131167,Attribution
131378,Attribution-ShareAlike
131381,Attribution-ShareAlike
131382,Attribution-ShareAlike
131438,Attribution-Noncommercial-Share Alike 3.0 United States
131439,Attribution-Noncommercial-Share Alike 3.0 United States
131452,Attribution-Noncommercial-Share Alike 3.0 United States
131642,Attribution
131643,Attribution
131881,Attribution-NonCommercial-ShareAlike
131888,Attribution-NonCommercial-ShareAlike
131956,Public Domain Mark 1.0
132127,Attribution-NonCommercial-ShareAlike
132161,Attribution-NonCommercial
132494,Attribution-NonCommercial-ShareAlike
132495,Attribution-NonCommercial-ShareAlike
132500,Attribution-NonCommercial-ShareAlike
132501,Attribution-NonCommercial-ShareAlike
132786,Attribution-Noncommercial-Share Alike 3.0 United States
132790,Attribution-Noncommercial-Share Alike 3.0 United States
132914,Attribution-NonCommercial
132955,Attribution-NonCommercial-ShareAlike
132959,Attribution-NonCommercial-ShareAlike
133088,Attribution-NonCommercial
133090,Attribution-NonCommercial
133091,Attribution-NonCommercial
133368,Attribution
133374,Attribution
133420,Attribution-Noncommercial-Share Alike 3.0 United States
133461,Attribution
133465,Attribution
133467,Attribution
133728,Attribution-NonCommercial-ShareAlike
133780,Attribution-NonCommercial-ShareAlike
133946,Attribution-NonCommercial-ShareAlike
134028,Attribution-NonCommercial-ShareAlike
134057,Attribution-NonCommercial-ShareAlike
134086,Attribution-Noncommercial-Share Alike 3.0 United States
134190,Attribution-NonCommercial-ShareAlike
134192,Attribution-NonCommercial-ShareAlike
134195,Attribution-NonCommercial-ShareAlike
134197,Attribution-NonCommercial-ShareAlike
134310,Attribution-NonCommercial-ShareAlike
134317,Attribution-Noncommercial-Share Alike 3.0 United States
134510,Attribution-NonCommercial-ShareAlike
134611,Attribution-Noncommercial-Share Alike 3.0 United States
134620,Attribution-Noncommercial-Share Alike 3.0 United States
134725,Attribution-NonCommercial
134760,Attribution-NonCommercial-ShareAlike
134896,Attribution-NonCommercial-ShareAlike
135375,Attribution
135703,Attribution-NonCommercial
135997,Attribution-NonCommercial-ShareAlike
136234,Attribution-NonCommercial 3.0 International
136236,Attribution-NonCommercial 3.0 International
136402,Attribution-NonCommercial-ShareAlike
136684,Attribution-NonCommercial-ShareAlike
136685,Attribution-NonCommercial-ShareAlike
136687,Attribution-NonCommercial-ShareAlike
136859,Attribution
137209,Attribution-NonCommercial
137419,Attribution-NonCommercial-ShareAlike
137422,Attribution-NonCommercial-ShareAlike
137424,Attribution-NonCommercial-ShareAlike
137892,Attribution-NonCommercial-ShareAlike
137941,Attribution-Noncommercial-Share Alike 3.0 United States
138745,Attribution-ShareAlike
139320,Attribution
139352,Attribution
139755,Attribution-NonCommercial
139958,Attribution
139962,Attribution
140123,Attribution
140274,Attribution-Noncommercial-Share Alike 3.0 United States
140602,Attribution-NonCommercial-ShareAlike
140603,Attribution-NonCommercial-ShareAlike
140605,Attribution-NonCommercial-ShareAlike
141164,Attribution-Noncommercial-Share Alike 3.0 United States
141276,Attribution-NonCommercial-ShareAlike
141278,Attribution-NonCommercial-ShareAlike
141606,Attribution
141901,Attribution-ShareAlike
141902,Attribution-ShareAlike
142084,Attribution
142155,Attribution-NonCommercial-ShareAlike
142157,Attribution-NonCommercial-ShareAlike
142158,Attribution-NonCommercial-ShareAlike
142161,Attribution-NonCommercial-ShareAlike
142361,Attribution-NonCommercial-ShareAlike
142405,Attribution-NonCommercial
142408,Attribution-NonCommercial
142551,Attribution-NonCommercial
142585,Attribution-Noncommercial-Share Alike 3.0 United States
142589,Attribution-Noncommercial-Share Alike 3.0 United States
142642,Attribution-Noncommercial-Share Alike 3.0 United States
142655,Attribution-NonCommercial-ShareAlike
143065,Attribution-NonCommercial-ShareAlike
143075,Attribution-NonCommercial-ShareAlike
143213,Attribution-NonCommercial 3.0 International
143218,Attribution-NonCommercial 3.0 International
143237,Attribution-NonCommercial
143280,Attribution-Noncommercial-Share Alike 3.0 United States
143968,Attribution-NonCommercial-ShareAlike
144407,Attribution-NonCommercial-ShareAlike 3.0 International
144546,Attribution-Noncommercial-Share Alike 3.0 United States
144593,Attribution
144630,Attribution
144936,Attribution-NonCommercial-ShareAlike
144940,Attribution-NonCommercial-ShareAlike
144943,Attribution-NonCommercial-ShareAlike
145002,Attribution
145003,Attribution
145005,Attribution
145702,Attribution-NonCommercial-ShareAlike
145746,Attribution-NonCommercial-ShareAlike
145875,Attribution-NonCommercial-ShareAlike
146241,Attribution-Noncommercial-Share Alike 3.0 United States
146453,Attribution-Noncommercial-Share Alike 3.0 United States
146479,Attribution-NonCommercial
146482,Attribution-NonCommercial
146689,Attribution-NonCommercial-ShareAlike
146997,Attribution-NonCommercial
147090,Attribution-Noncommercial-Share Alike 3.0 United States
147097,Attribution-Noncommercial-Share Alike 3.0 United States
147301,Attribution
147386,Attribution
147387,Attribution
147411,Attribution
147412,Attribution
147414,Attribution
147937,Attribution-NonCommercial-ShareAlike
148036,Attribution
148041,Attribution
148045,Attribution
148056,Attribution
148195,Attribution
148205,Attribution
148604,Attribution-NonCommercial
148959,Attribution-Noncommercial-Share Alike 3.0 United States
149416,Attribution
149453,Attribution
149547,Attribution-NonCommercial-ShareAlike
149552,Attribution-NonCommercial-ShareAlike
149560,Attribution-NonCommercial-ShareAlike
149561,Attribution-NonCommercial-ShareAlike
150158,Attribution-Noncommercial-Share Alike 3.0 United States
150559,Attribution-Noncommercial-Share Alike 3.0 United States
150674,Attribution-NonCommercial-ShareAlike
150676,Attribution-NonCommercial-ShareAlike
151251,Attribution-Noncommercial-Share Alike 3.0 United States
151903,Attribution-NonCommercial-ShareAlike
151907,Attribution-NonCommercial-ShareAlike
152545,Attribution-ShareAlike
153338,Attribution-ShareAlike
153427,Attribution-NonCommercial-ShareAlike
153437,Attribution-NonCommercial-ShareAlike
153767,Attribution-NonCommercial
153769,Attribution-NonCommercial
153938,Attribution-NonCommercial-ShareAlike
154048,Attribution-Noncommercial-Share Alike 3.0 United States
154556,Attribution-Noncommercial-Share Alike 3.0 United States
154562,Attribution-Noncommercial-Share Alike 3.0 United States
154567,Attribution-Noncommercial-Share Alike 3.0 United States
154649,Attribution-NonCommercial-ShareAlike
155124,Attribution-NonCommercial
155305,Attribution
